ID;Aufgabentyp;Tehma;Aufgabe;Notiz;
1;Direkte Datenabfrage;PF;Was ist mein Teilnamefaktor?;mp?;
2;Direkte Datenabfrage;PF;Was ist mein Teilnamefaktor von meinem Verbrauch?;mp?;
3;Direkte Datenabfrage;PF;Was ist mein Teilnamefaktor von meinem Erzeugerzählpunkt?;mp3;
4;Direkte Datenabfrage;PF;Was ist mein Teilnamefaktor von mp1;ohne _;
5;Direkte Datenabfrage;PF;Gib mir den Teilnamefaktor von mp_2;;
6;Direkte Datenabfrage;PF;Welchen Teilnamefaktor habe ich bei mp_3?;;
7;Direkte Datenabfrage;PF;Welchen Teilnamefaktor habe ich?;mp?;
8;Direkte Datenabfrage;PF;Teilnamefaktor mp1?;;
9;Direkte Datenabfrage;PF;Wie viel nehme ich mit mp_2 an der Energiegemeinschaft teil?;;
10;Direkte Datenabfrage;PF;Gib mir den Teilnamefaktor aller meiner Verbraucherzählpunkte.;;
11;Direkte Datenabfrage;kW;Wie viel verbrauche ich gerade?;mp3;
12;Direkte Datenabfrage;kW;Wie viel verbraucht mp_1 gerade?;kein Verbraucherzählpunkt;
13;Direkte Datenabfrage;kW;Wie viel verbraucht mp2 gerade?;kein Erzeugerzählpunkt;
14;Direkte Datenabfrage;kW;Wie viel erzeugt mp_3 gerade?;;
15;Direkte Datenabfrage;kW;Wie viel erzeuge ich gerade?;;
16;Direkte Datenabfrage;kW;Wie viel verbraucht mp_3 gerade?;;
17;Direkte Datenabfrage;kW;Wie viel erzeugt mp_1 gerade?;;
18;Direkte Datenabfrage;kW;Gib mir den aktuellen Verbrauch aller meine Verbraucherzählpunkte.;;
19;Direkte Datenabfrage;kW;Wie viel ezeugt mp_1 jetzt gerade?;kein Erzeugerzählpunkt;
20;Direkte Datenabfrage;kW;Was viel verbraucht mein Zählpunkt mp_3 gerade?;kein Verbraucherzählpunkt;
21;Direkte Datenabfrage;kombinationen;Wie hoch ist mein Verbrauch gerade und was ist mein Teilnamefaktor?;mp unklar;
22;Direkte Datenabfrage;kombinationen;Wie hoch ist mein Verbrauch von mp_1 und wie ich ist mein Teilnamefaktor?;;
23;Direkte Datenabfrage;kombinationen;Wie viel produziere ich gerade und wie hoch ist der Teilnamefaktor des Erzeugerzählpunktes?;;
24;Direkte Datenabfrage;kombinationen;Welche Zählpunkte habe ich und was verbrauchen diese aktuell jeweils?;;
25;Direkte Datenabfrage;kombinationen;Gib mir alle meine Zählpunkte und deren Teilnamefaktoren.;;
26;Direkte Datenabfrage;ungedeckt;Wie viel kostet der Strom aktuell?;;
27;Direkte Datenabfrage;ungedeckt;Wie viel bekomme ich vür meinen erzeugten Strom?;;
28;Direkte Datenabfrage;ungedeckt;Wie wird das Wetter morgen?;;
29;Direkte Datenabfrage;ungedeckt;Was kostet eine PV-Anlage?;;
30;Direkte Datenabfrage;ungedeckt;Ich bin unzufrieden mit meinem Energieanbieter.;;
31;Einzelquellenverarbeitung;MG_eg;Generiere mir eine Grafik vom Verbrauch meiner Energiegemeinschaft.;Zeitraum?;
32;Einzelquellenverarbeitung;MG_eg;Generiere mir eine Grafik vom Verbrauch meiner Energiegemeinschaft letzten Monat.;;
33;Einzelquellenverarbeitung;MC_eg;Zeit mir die Erzeugung meiner Energiegemeinschaft über das letzte Jahr.;;
34;Einzelquellenverarbeitung;MC_eg;Zeig mir die Erzeugung meiner Energiegemeinschaft.;Zeitraum?;
35;Einzelquellenverarbeitung;MC;Zeige mir meinen Verbrauch über die letzten drei Monate.;Zeitraum?;
36;Einzelquellenverarbeitung;MC;Zeige mir meinen Verbrauch von mp_1 über die letzten drei Monate.;;
37;Einzelquellenverarbeitung;MC;Wie ist meine Verbrauch über letzte 12 Monate?;;
38;Einzelquellenverarbeitung;MG;Ich möchte meine Erzeugung über die letzte Woche über sehen.;;
39;Einzelquellenverarbeitung;MG;Ich wüsste sehr gerne wie viel mp_2 gestern verbraucht hat.;keine Daten;
40;Einzelquellenverarbeitung;MG;Hallo, ich würde gerne meine Erzeugung über das letzte Jahr sehen.;mp_3;
41;Einzelquellenverarbeitung;sum;Wie ist mein gesamtverbrauch über die letzten 2 Monate?;mp?;
42;Einzelquellenverarbeitung;sum;Wie ist mein Gesamtverbrauch von mp_1 über die letzten 2 Monate?;;
43;Einzelquellenverarbeitung;sum;Wie viel hat meine Energiegmeinschaft ingesamt verbraucht im letzten Jahr?;;
44;Einzelquellenverarbeitung;sum;Wie viel hat meine Energiegemeinschaft letztes Jahr insgesamt erzeugt?;;
45;Einzelquellenverarbeitung;avg;Wie war der durchschnittliche Verbrauch meiner Energiegemeinschaft letztes Jahr?;;
46;Einzelquellenverarbeitung;avg;Wie hoch war die durchschnittliche Produktion meiner Energiegemeinschaft letztes Jahr?;;
47;Einzelquellenverarbeitung;avg;Berechne mir meinen Durchschnittsverbrauch über das letzte Jahr.;;
48;Einzelquellenverarbeitung;avg;Wie hoch ist war der Durchschnittsverbrauch von mp_1 letzte Woche?;;
49;Einzelquellenverarbeitung;min;Was war der niedrigste Verbrauch meiner gesamten Energiegemeinschaft letztes Jahr?;;
50;Einzelquellenverarbeitung;min;Was war der niedrigste Verbrauch meines Zählpunktes letztes Jahr?;Zmp?;
51;Einzelquellenverarbeitung;min;Was war der niedrigste Verbrauch von mp_1 letztes Jahr?;;
52;Einzelquellenverarbeitung;min;Gib mir den Minimalverbrauch meines Zählpunktes mp_2.;Zeitraum?;
53;Einzelquellenverarbeitung;max;Wie hoch war der maximale Verbrauch meiner gesamten Energiegemeinschaft letztes Jahr?;;
54;Einzelquellenverarbeitung;max;Was ist die maximale Erzeugung meines Erzeugerzählpunktes letztes Jahr?;;
55;Einzelquellenverarbeitung;max;Was habe ich maximal mit mp_3 produziert über das letzte Monat?;;
56;Einzelquellenverarbeitung;max;Was habe ich maximal mit mp_4 produziert über das letzte Monat?;falscher mp;
57;Einzelquellenverarbeitung;multiply;Zeige mir eine Grafik von meinem Zählpunkt von mp_1 wenn ich doppelt so viel verbrauchen würde.;Zeitraum?;
58;Einzelquellenverarbeitung;multiply;Zeige mir eine Grafik von mp_2 wenn ich letzte Woche doppelt so viel verbraucht hätte.;;
59;Einzelquellenverarbeitung;divide;Ich möchte sehen wie mein Verbrauch aussieht wenn ich nur noch halb so viel verbrauchen würde.;mp?;
60;Einzelquellenverarbeitung;divide;Ich möchte sehen wie mein Verbrauch von mp_2 aussieht wenn ich nur noch halb so viel verbrauchen würde.;;
61;Mehrquellenverarbeitung;add;Zeige mir den summierten Verlauf aller meiner Verbraucherzählpunkte über das letzte Monat.;;
62;Mehrquellenverarbeitung;add;Berechne mir eine Grafik mit dem summierten Energieverbrauch von mp_1 und mp_2 über das letzte Monat.;;
63;Mehrquellenverarbeitung;substract;Zeige mir meinen Verbrauch über das letzte Monat abzüglich meiner Erzeugung.;mp?;
64;Mehrquellenverarbeitung;substract;Zeige mir meinen Verbrauch von mp_1 über das letzte Monat abzüglich meiner Erzeugung von mp_3.;;
65;Mehrquellenverarbeitung;substract;Berechne eine Grafik mit dem Verbrauch meiner Energiegemeinschaft abzüglich meines Verbrauchs für letztes Jahr.;;
66;Mehrquellenverarbeitung;wmc;Wie hoch ist mein gewichteter Verbrauch über das letzte Monat?;mp?;
67;Mehrquellenverarbeitung;wmc;Wie hoch ist mein gewichteter Verbrauch von mp_1 über das letzte Monat?;;
68;Mehrquellenverarbeitung;wmc;Berechne mir den gewichteten Verbrauch von mp_1 und mp_2 für die letzten 3 Monate.;;
69;Mehrquellenverarbeitung;wmc;Gib mir den Gewichteten Verbrauch über das letzte Jahr für jeden meiner Verbraucherzählpunkte.;;
70;Mehrquellenverarbeitung;wmc;Ich hätte gerne den Verlauf meines gewichteten Verbrauchs von mp_2 für letzte Woche.;;
71;Mehrquellenverarbeitung;wmg;Zeige mir die gewichtete Erzeugung für mp_03 für letzen Monat.;falscher mp;
72;Mehrquellenverarbeitung;wmg;Ich würde gerne meine gewichtete Erzeugung über das letzte Jahr sehen.;;
73;Mehrquellenverarbeitung;wmg;Zeig mir meinen Erzeugung für das letzte Jahr, aber gewichte das nach Teilnamefaktor.;;
74;Mehrquellenverarbeitung;wmg;Zeig mir die gewichtete Erzeugung für mp_1;kein Erzeugerzählpunkt;
75;Mehrquellenverarbeitung;wmg;Zeige mir die gewichtete Erzeugung für mp_3 für das letzte Jahr.;;
76;Mehrquellenverarbeitung;cp;Berechne mir das Gemeinschaftspotential.;mp?;
77;Mehrquellenverarbeitung;cp;Berechne mir das Gemeinschaftspotential von mp_1 für letzten Monat.;;
78;Mehrquellenverarbeitung;cp;Ich wüsste gerne wie viel ich im laufe des letzten Monats mit mp_2 verbrauchen hätte können.;;
79;Mehrquellenverarbeitung;cp;Gib mir das Gemeinschaftspotential aller meiner Verbraucherzählpunkte.;Zeitraum?;
80;Mehrquellenverarbeitung;cp;Gib mir das Gemeinschaftspotential aller meiner Verbraucherzählpunkte für letztes Jahr.;;
81;Mehrquellenverarbeitung;cc;Wie hoch war meine Eigenabdeckung letztes Jahr?;mp?;
82;Mehrquellenverarbeitung;cc;Wie hoch war meine Eigenabdeckung von mp_1 letztes Jahr?;;
83;Mehrquellenverarbeitung;cc;Wie hoch war die Eigenabdeckung aller meiner Verbraucherzählpunkte letzes Jahr?;;
84;Mehrquellenverarbeitung;cc;Berechne mir die Eigenabdeckung für letztes Monat von mp_3.;kein Verbraucherzählpunkt;
85;Mehrquellenverarbeitung;cc;Berechne mir die Eigenabdeckung für meinen Verbraucherzählpunkt mp_2 für letzte Woche.;;
86;Mehrquellenverarbeitung;kombination;Gib mir bitte den gewichteten Verbrauch aller meiner Zählpunkte letzte Woche und gib mir auch deren Teilnamefaktoren.;;
87;Mehrquellenverarbeitung;kombination;Wie hoch war meine Eigenabdeckung von Zählpunkt mp_1 und mp_2 sowie deren gewichteten Verbrauch über das letzte Jahr.;;
88;Mehrquellenverarbeitung;kombination;Gib mir für letzte Woche meine meine Eigenabdeckung für mp_1 und mp_2 sowie das Gemeinschaftspotential.;;
89;Mehrquellenverarbeitung;kombination;Ich wüsste gerne für letzte Woche den Verbrauch gewichtet als auch ungewichtet für mp_1 und dessen Eigenabdeckung.;;
90;Mehrquellenverarbeitung;kombination;Gib mir Eigenabdeckung und Gemeinschaftspotential für alle meine Verbraucherzählpunkte über das letzte Monat.;;
91;;;;;
92;;;;;
93;;;;;
94;;;;;
95;;;;;
96;;;;;
97;;;;;
98;;;;;
99;;;;;
